gndr,ethnic,insulin,noninsulin,metformin,hf,cardio,cerebr,periph,cursmok,unq_id
female,white,0,1,0,0,0,0,0,0,1
female,white,0,1,0,0,1,0,0,0,2
female,white,0,1,0,0,0,1,0,0,3
female,white,0,1,0,0,0,0,1,0,4
female,white,0,1,0,0,1,1,0,0,5
female,white,0,1,0,0,1,0,1,0,6
female,white,0,1,0,0,1,1,1,0,7
female,white,0,1,0,0,0,1,1,0,8
female,black,0,1,1,0,0,0,0,0,9
female,black,0,1,1,0,0,0,1,0,10
female,black,0,1,1,0,1,0,0,0,11
female,black,0,1,1,0,0,1,0,0,12
female,black,0,1,1,0,0,1,1,0,13
female,black,0,1,1,0,1,1,0,0,14
male,white,0,1,1,0,0,0,0,0,15
male,white,0,1,1,0,0,0,1,0,16
male,white,0,1,1,0,1,0,0,0,17
male,white,0,1,1,0,0,1,0,0,18
male,white,0,1,1,0,1,0,1,0,19
male,white,0,1,1,0,1,1,0,0,20
male,white,0,1,1,0,0,1,1,0,21
male,white,0,1,1,0,1,1,1,0,22
female,white,1,1,1,0,0,0,0,0,23
female,white,1,1,1,0,1,0,0,0,24
female,white,1,1,1,0,0,1,0,0,25
female,white,1,1,1,0,0,0,1,0,26
female,white,1,1,1,0,1,0,1,0,27
female,white,1,1,1,0,1,1,0,0,28
female,white,1,1,1,0,0,1,1,0,29
female,white,1,1,1,0,1,1,1,0,30
male,white,0,1,1,0,0,1,0,1,31
male,white,0,1,1,0,0,0,0,1,32
male,white,0,1,1,0,0,0,1,1,33
male,white,0,1,1,0,1,0,0,1,34
male,white,0,1,1,0,1,1,0,1,35
male,white,0,1,1,0,0,1,1,1,36
male,white,0,1,1,0,1,0,1,1,37
female,white,1,1,1,1,1,0,0,1,38
female,white,1,1,1,1,0,0,0,1,39
female,white,1,1,1,1,0,1,0,1,40
female,white,1,1,1,1,0,0,1,1,41
female,white,1,1,1,1,1,1,0,1,42
female,white,1,1,1,1,1,0,1,1,43
female,white,1,1,1,0,0,0,0,1,44
female,white,1,1,1,0,1,0,0,1,45
female,white,1,1,1,0,0,1,0,1,46
female,white,1,1,1,0,0,0,1,1,47
female,white,1,1,1,0,1,0,1,1,48
female,white,1,1,1,0,1,1,0,1,49
female,white,1,1,1,0,0,1,1,1,50
male,white,0,0,0,1,0,0,0,0,51
male,white,0,0,0,1,1,0,0,0,52
male,white,0,0,0,1,0,0,1,0,53
male,white,0,0,0,1,0,1,0,0,54
male,white,0,0,0,1,1,0,1,0,55
male,white,0,0,0,1,1,1,0,0,56
male,white,0,0,0,1,0,1,1,0,57
male,white,0,0,0,1,1,1,1,0,58
female,white,0,1,1,0,0,0,0,1,59
female,white,0,1,1,0,0,1,0,1,60
female,white,0,1,1,0,1,0,0,1,61
female,white,0,1,1,0,0,0,1,1,62
female,white,0,1,1,0,1,0,1,1,63
female,white,0,1,1,0,1,1,0,1,64
female,white,0,1,1,0,0,1,1,1,65
female,white,0,1,1,0,0,0,0,0,66
female,white,0,1,1,0,0,0,1,0,67
female,white,0,1,1,0,0,1,0,0,68
female,white,0,1,1,0,1,0,0,0,69
female,white,0,1,1,0,1,1,1,0,70
female,white,0,1,1,0,1,0,1,0,71
female,white,0,1,1,0,1,1,0,0,72
female,white,0,1,1,0,0,1,1,0,73
female,white,0,0,0,1,0,0,0,1,74
female,white,0,0,0,1,1,0,0,1,75
female,white,0,0,0,1,0,0,1,1,76
female,white,0,0,0,1,0,1,0,1,77
female,white,0,0,0,1,1,0,1,1,78
female,white,0,0,0,1,0,1,1,1,79
female,white,0,0,0,1,1,1,0,1,80
female,white,0,0,0,0,0,0,0,0,81
female,white,0,0,0,0,0,1,0,0,82
female,white,0,0,0,0,1,0,0,0,83
female,white,0,0,0,0,0,0,1,0,84
female,white,0,0,0,0,1,0,1,0,85
female,white,0,0,0,0,0,1,1,0,86
female,white,0,0,0,0,1,1,0,0,87
male,asian,0,1,1,0,0,0,1,0,88
male,asian,0,1,1,0,0,0,0,0,89
male,asian,0,1,1,0,1,0,0,0,90
male,asian,0,1,1,0,0,1,0,0,91
male,asian,0,1,1,0,0,1,1,0,92
male,asian,0,1,1,0,1,0,1,0,93
male,asian,0,1,1,0,1,1,0,0,94
female,white,0,0,0,1,0,0,0,0,95
female,white,0,0,0,1,1,0,0,0,96
female,white,0,0,0,1,1,1,0,0,97
female,white,0,0,0,1,1,0,1,0,98
female,white,0,0,0,1,0,1,0,0,99
female,white,0,0,0,1,0,0,1,0,100
male,white,0,0,0,0,0,0,0,1,101
male,white,0,0,0,0,1,0,0,1,102
male,white,0,0,0,0,1,0,1,1,103
male,white,0,0,0,0,0,0,1,1,104
male,white,0,0,0,0,0,1,0,1,105
male,white,0,0,0,0,1,1,0,1,106
male,white,0,0,0,0,0,1,1,1,107
male,white,1,1,1,0,0,0,0,0,108
male,white,1,1,1,0,0,1,1,0,109
male,white,1,1,1,0,1,0,0,0,110
male,white,1,1,1,0,0,0,1,0,111
male,white,1,1,1,0,0,1,0,0,112
male,white,1,1,1,0,1,0,1,0,113
male,white,1,1,1,0,1,1,0,0,114
female,white,0,1,0,1,0,0,0,0,115
female,white,0,1,0,1,1,0,0,0,116
female,white,0,1,0,1,0,1,0,0,117
female,white,0,1,0,1,0,0,1,0,118
female,white,0,1,0,1,1,1,0,0,119
male,other,0,1,0,0,0,0,0,0,120
male,other,0,1,0,0,0,1,0,0,121
male,other,0,1,0,0,0,0,1,0,122
male,other,0,1,0,0,1,0,0,0,123
male,other,0,1,0,0,1,0,1,0,124
male,other,0,1,0,0,0,1,1,0,125
female,other,0,1,1,0,0,0,0,0,126
female,other,0,1,1,0,0,0,1,0,127
female,other,0,1,1,0,1,0,0,0,128
female,other,0,1,1,0,1,0,1,0,129
female,other,0,1,1,0,0,1,0,0,130
female,other,0,1,1,0,1,1,0,0,131
male,asian,0,0,0,0,0,0,0,0,132
male,asian,0,0,0,0,0,1,0,0,133
male,asian,0,0,0,0,1,0,0,0,134
male,asian,0,0,0,0,0,0,1,0,135
male,other,1,0,0,0,0,1,0,1,136
male,other,1,0,0,0,0,0,0,1,137
female,asian,0,1,1,0,0,0,0,0,138
female,asian,0,1,1,0,1,0,0,0,139
female,asian,0,1,1,0,0,1,0,0,140
female,asian,0,1,1,0,0,0,1,0,141
female,asian,0,1,1,0,1,0,1,0,142
female,asian,0,1,1,0,1,1,0,0,143
female,asian,0,1,1,0,0,1,1,0,144
male,NA,0,1,1,0,0,0,0,0,145
male,NA,0,1,1,0,1,0,0,0,146
male,NA,0,1,1,0,0,0,1,0,147
male,NA,0,1,1,0,0,1,0,0,148
male,NA,0,1,1,0,1,0,1,0,149
male,NA,0,1,1,0,0,1,1,0,150
female,white,1,0,0,1,0,0,0,0,151
female,white,1,0,0,1,1,0,0,0,152
female,white,1,0,0,1,0,1,0,0,153
female,white,1,0,0,1,0,0,1,0,154
female,white,1,0,0,1,1,0,1,0,155
female,white,1,0,0,1,0,1,1,0,156
female,white,1,0,0,1,1,1,0,0,157
female,NA,1,1,1,0,0,0,0,0,158
female,NA,1,1,1,0,0,0,1,0,159
female,NA,1,1,1,0,0,1,0,0,160
female,NA,1,1,1,0,1,0,0,0,161
female,NA,1,1,1,0,1,0,1,0,162
female,white,1,0,0,0,0,0,0,0,163
female,white,1,0,0,0,1,0,0,0,164
female,white,1,0,0,0,0,1,0,0,165
female,white,1,0,0,0,0,0,1,0,166
female,white,1,0,0,0,1,0,1,0,167
female,white,1,0,0,0,1,1,0,0,168
female,white,1,0,0,0,0,1,1,0,169
male,white,0,0,0,0,0,0,0,0,170
male,white,0,0,0,0,0,1,0,0,171
male,white,0,0,0,0,1,0,0,0,172
male,white,0,0,0,0,0,0,1,0,173
male,white,0,0,0,0,1,1,0,0,174
male,white,0,0,0,0,1,0,1,0,175
male,white,0,0,0,0,0,1,1,0,176
male,white,0,0,0,0,1,1,1,0,177
male,white,1,0,0,1,0,0,0,1,178
male,white,1,0,0,1,1,0,0,1,179
male,white,1,0,0,1,0,1,0,1,180
male,white,1,0,0,1,0,0,1,1,181
male,white,1,0,0,1,0,1,1,1,182
male,white,0,1,0,0,0,0,0,0,183
male,white,0,1,0,0,0,1,0,0,184
male,white,0,1,0,0,0,0,1,0,185
male,white,0,1,0,0,1,0,0,0,186
male,white,0,1,0,0,1,0,1,0,187
male,white,0,1,0,0,1,1,0,0,188
male,white,0,1,0,0,0,1,1,0,189
male,white,0,1,0,0,1,1,1,0,190
male,white,1,1,1,0,0,0,0,1,191
male,white,1,1,1,0,1,0,0,1,192
male,white,1,1,1,0,1,1,0,1,193
male,white,1,1,1,0,0,0,1,1,194
male,white,1,1,1,0,0,1,0,1,195
male,white,1,1,1,0,1,0,1,1,196
male,white,1,1,1,0,0,1,1,1,197
male,black,1,1,1,0,0,0,0,0,198
male,black,1,1,1,0,1,0,0,0,199
male,black,1,1,1,0,0,1,0,0,200
male,black,1,1,1,0,0,0,1,0,201
male,black,1,1,1,0,1,1,0,0,202
female,asian,0,1,1,0,1,1,1,0,203
NA,white,0,1,1,0,0,0,0,0,204
NA,white,0,1,1,0,1,0,0,0,205
NA,white,0,1,1,0,0,0,1,0,206
NA,white,0,1,1,0,0,1,0,0,207
female,asian,0,1,1,0,1,1,0,1,208
female,asian,0,1,1,0,0,0,0,1,209
female,asian,0,1,1,0,0,0,1,1,210
female,asian,0,1,1,0,0,1,0,1,211
female,asian,0,1,1,0,1,0,0,1,212
female,asian,0,1,1,0,1,0,1,1,213
female,asian,0,1,1,0,0,1,1,1,214
NA,white,1,1,1,0,0,0,0,1,215
NA,white,1,1,1,0,1,0,0,1,216
NA,white,1,1,1,0,0,1,0,1,217
NA,white,1,1,1,0,1,0,1,1,218
NA,white,1,1,1,0,0,0,1,1,219
female,white,0,1,0,1,0,1,1,0,220
female,white,0,1,0,1,1,0,1,0,221
male,white,0,1,1,1,0,0,0,0,222
male,white,0,1,1,1,1,0,0,0,223
male,white,0,1,1,1,0,1,1,0,224
male,white,0,1,1,1,0,1,0,0,225
male,white,0,1,1,1,0,0,1,0,226
male,white,0,1,1,1,1,0,1,0,227
male,white,0,1,1,1,1,1,0,0,228
male,white,1,0,0,0,0,0,0,0,229
male,white,1,0,0,0,0,1,0,0,230
male,white,1,0,0,0,0,1,1,0,231
male,white,1,0,0,0,1,0,0,0,232
male,white,1,0,0,0,1,1,1,0,233
male,white,1,0,0,0,1,0,1,0,234
male,white,1,0,0,0,0,0,1,0,235
male,white,1,0,0,0,1,1,0,0,236
female,white,0,1,1,1,0,0,1,0,237
female,white,0,1,1,1,0,0,0,0,238
female,white,0,1,1,1,1,0,0,0,239
female,white,0,1,1,1,0,1,0,0,240
female,white,0,1,1,1,1,1,0,0,241
female,white,0,1,1,1,1,0,1,0,242
female,white,0,1,1,1,0,1,1,0,243
male,white,0,0,0,1,0,0,0,1,244
male,white,0,0,0,1,0,1,1,1,245
male,white,0,0,0,1,0,1,0,1,246
male,white,0,0,0,1,1,0,0,1,247
male,white,0,0,0,1,1,0,1,1,248
male,white,0,0,0,1,0,0,1,1,249
male,white,0,0,0,1,1,1,0,1,250
male,white,0,0,0,1,1,1,1,1,251
male,white,0,1,1,1,1,1,1,0,252
male,asian,1,1,1,0,0,0,1,0,253
male,asian,1,1,1,0,0,0,0,0,254
male,asian,1,1,1,0,1,0,0,0,255
male,asian,1,1,1,0,1,1,0,0,256
male,asian,1,1,1,0,1,0,1,0,257
male,asian,1,1,1,0,0,1,0,0,258
female,asian,0,1,0,0,0,0,0,0,259
female,asian,0,1,0,0,0,0,1,0,260
female,asian,0,1,0,0,0,1,0,0,261
female,asian,0,1,0,0,1,0,0,0,262
female,black,0,0,0,0,0,0,0,1,263
female,black,0,0,0,0,0,1,0,1,264
female,black,0,0,0,0,0,0,1,1,265
female,black,0,0,0,0,1,0,0,1,266
male,white,0,1,1,1,0,1,0,1,267
male,white,0,1,1,1,1,0,0,1,268
male,white,0,1,1,1,0,0,0,1,269
male,white,0,1,1,1,0,0,1,1,270
male,white,0,1,1,1,1,0,1,1,271
male,white,0,1,1,1,1,1,0,1,272
male,white,1,1,1,1,0,0,1,1,273
male,white,1,1,1,1,0,0,0,1,274
male,white,1,1,1,1,1,0,0,1,275
male,white,1,1,1,1,0,1,0,1,276
male,white,1,1,1,1,1,0,1,1,277
male,white,1,1,1,1,1,1,0,1,278
male,asian,0,1,0,0,0,0,0,0,279
male,asian,0,1,0,0,1,0,0,0,280
male,asian,0,1,0,0,0,0,1,0,281
male,asian,0,1,0,0,0,1,0,0,282
male,other,0,1,1,0,0,0,0,0,283
male,other,0,1,1,0,1,0,0,0,284
male,other,0,1,1,0,0,1,0,0,285
male,other,0,1,1,0,0,1,1,0,286
male,other,0,1,1,0,1,1,1,0,287
male,other,0,1,1,0,0,0,1,0,288
male,other,0,1,1,0,1,1,0,0,289
male,other,0,1,1,0,1,0,1,0,290
female,white,1,0,0,0,0,0,1,1,291
female,white,1,0,0,0,0,0,0,1,292
female,white,1,0,0,0,0,1,0,1,293
female,white,1,0,0,0,1,0,0,1,294
female,white,1,0,0,0,1,0,1,1,295
female,white,1,0,0,0,1,1,0,1,296
female,white,0,0,0,1,0,1,1,0,297
female,black,1,1,1,0,0,0,0,0,298
female,black,1,1,1,0,1,0,0,0,299
female,black,1,1,1,0,0,0,1,0,300
female,black,1,1,1,0,0,1,0,0,301
female,black,1,1,1,0,1,1,0,0,302
female,black,1,1,1,0,1,0,1,0,303
male,other,0,0,0,1,0,0,0,0,304
NA,white,0,1,0,0,0,0,0,0,305
NA,white,0,1,0,0,1,0,0,0,306
NA,white,0,1,0,0,0,1,0,0,307
NA,white,0,1,0,0,0,0,1,0,308
NA,white,0,1,0,0,1,0,1,0,309
female,black,1,1,1,0,0,1,1,0,310
female,black,1,1,1,0,1,1,1,0,311
female,white,1,0,0,1,0,0,0,1,312
female,white,1,0,0,1,1,0,0,1,313
female,white,1,0,0,1,0,1,1,1,314
female,white,1,0,0,1,0,1,0,1,315
female,white,1,0,0,1,0,0,1,1,316
female,white,1,0,0,1,1,1,0,1,317
male,asian,0,1,1,0,0,0,0,1,318
male,asian,0,1,1,0,0,1,0,1,319
male,asian,0,1,1,0,0,1,1,1,320
male,asian,0,1,1,0,1,1,0,1,321
male,asian,0,1,1,0,1,0,0,1,322
male,asian,0,1,1,0,0,0,1,1,323
male,asian,0,1,1,0,1,0,1,1,324
male,black,0,1,1,0,0,0,0,0,325
male,black,0,1,1,0,1,0,0,0,326
male,black,0,1,1,0,0,0,1,0,327
male,black,0,1,1,0,0,1,0,0,328
male,black,0,1,1,0,1,1,0,0,329
male,black,0,1,1,0,1,0,1,0,330
male,black,0,1,1,0,0,1,1,0,331
male,white,0,1,0,1,0,0,0,0,332
male,white,0,1,0,1,1,0,0,0,333
male,white,0,1,0,1,0,0,1,0,334
male,white,0,1,0,1,1,0,1,0,335
male,white,0,1,0,1,0,1,0,0,336
male,white,0,1,0,1,0,1,1,0,337
male,white,0,1,0,1,1,1,0,0,338
female,white,1,0,0,0,0,1,1,1,339
female,asian,0,0,0,0,0,0,0,0,340
female,asian,0,0,0,0,1,0,0,0,341
female,asian,0,0,0,0,0,0,1,0,342
female,asian,0,0,0,0,0,1,0,0,343
female,asian,0,0,0,0,1,0,1,0,344
female,asian,0,0,0,0,0,1,1,0,345
female,asian,0,0,0,0,1,1,0,0,346
NA,white,0,1,1,0,0,1,1,0,347
female,NA,1,1,1,0,0,0,0,1,348
female,NA,1,1,1,0,0,1,0,1,349
female,NA,1,1,1,0,1,0,0,1,350
female,white,0,0,0,0,0,0,0,1,351
female,white,0,0,0,0,0,0,1,1,352
female,white,0,0,0,0,0,1,0,1,353
female,white,0,0,0,0,1,0,0,1,354
female,white,0,0,0,0,1,1,0,1,355
female,white,0,0,0,0,0,1,1,1,356
female,white,0,0,0,0,1,0,1,1,357
male,NA,1,1,1,0,0,0,0,1,358
male,NA,1,1,1,0,1,0,0,1,359
male,NA,1,1,1,0,0,0,1,1,360
male,NA,1,1,1,0,0,1,0,1,361
male,white,1,1,1,1,0,0,0,0,362
male,white,1,1,1,1,1,1,0,0,363
male,white,1,1,1,1,0,1,0,0,364
male,white,1,1,1,1,0,0,1,0,365
male,white,1,1,1,1,1,0,0,0,366
male,black,0,0,0,0,0,0,0,0,367
male,black,0,0,0,0,1,0,0,0,368
male,black,0,0,0,0,0,1,0,0,369
female,white,1,1,1,1,0,0,0,0,370
female,white,1,1,1,1,1,0,0,0,371
female,white,1,1,1,1,0,1,0,0,372
female,white,1,1,1,1,1,1,0,0,373
female,white,1,1,1,1,0,0,1,0,374
female,black,1,1,1,0,0,1,1,1,375
female,black,1,1,1,0,0,0,0,1,376
female,black,1,1,1,0,1,0,0,1,377
female,black,1,1,1,0,0,1,0,1,378
female,black,1,1,1,0,0,0,1,1,379
female,black,1,1,1,0,1,1,0,1,380
female,asian,1,1,1,0,0,0,0,0,381
female,asian,1,1,1,0,1,0,0,0,382
female,asian,1,1,1,0,0,1,0,0,383
female,asian,1,1,1,0,0,0,1,0,384
female,asian,1,1,1,0,0,1,1,0,385
female,asian,1,1,1,0,1,1,1,0,386
female,asian,1,1,1,0,1,1,0,0,387
male,other,1,1,1,0,0,0,0,0,388
male,other,1,1,1,0,0,0,1,0,389
male,other,1,1,1,0,1,0,0,0,390
male,other,1,1,1,0,0,1,0,0,391
male,other,1,1,1,0,0,1,1,0,392
male,other,1,1,1,0,1,1,0,0,393
female,other,1,1,0,0,0,0,0,0,394
female,other,1,1,0,0,0,1,0,0,395
female,other,1,1,0,0,0,0,1,0,396
female,other,1,1,0,0,1,0,1,0,397
female,other,1,1,0,0,1,0,0,0,398
female,asian,1,1,1,0,1,0,1,0,399
male,asian,0,1,1,1,0,0,0,0,400
male,asian,0,1,1,1,1,0,0,0,401
male,asian,0,1,1,1,0,0,1,0,402
male,asian,0,1,1,1,1,0,1,0,403
male,asian,0,1,1,1,0,1,0,0,404
male,asian,1,0,0,0,1,0,0,0,405
male,asian,1,0,0,0,0,0,0,0,406
male,asian,1,0,0,0,0,0,1,0,407
male,asian,1,0,0,0,1,0,1,0,408
male,asian,1,0,0,0,1,1,0,0,409
male,asian,1,0,0,0,0,1,0,0,410
male,black,0,1,0,0,0,0,0,0,411
male,black,0,1,0,0,0,1,0,0,412
male,black,0,1,0,0,1,0,0,0,413
male,black,0,1,0,0,1,0,1,0,414
male,black,0,1,0,0,0,0,1,0,415
male,black,0,1,0,0,1,1,0,0,416
male,black,1,1,1,0,0,0,0,1,417
male,black,1,1,1,0,1,0,0,1,418
male,black,1,1,1,0,0,1,0,1,419
male,black,1,1,1,0,0,0,1,1,420
male,black,1,1,1,0,1,0,1,1,421
male,other,0,0,0,0,0,1,0,0,422
male,other,0,0,0,0,1,0,0,0,423
male,other,0,0,0,0,0,0,0,0,424
male,other,0,0,0,0,0,0,1,0,425
male,black,0,1,1,0,0,0,0,1,426
male,black,0,1,1,0,1,0,0,1,427
male,black,0,1,1,0,0,0,1,1,428
male,black,0,1,1,0,0,1,0,1,429
male,black,0,1,1,0,1,1,0,1,430
NA,other,1,1,1,0,0,0,0,0,431
NA,other,1,1,1,0,0,1,0,0,432
female,asian,0,1,0,1,0,0,0,0,433
female,asian,0,1,0,1,1,0,0,0,434
female,asian,0,1,0,1,1,1,0,0,435
female,asian,0,1,0,1,0,0,1,0,436
female,asian,0,1,0,1,0,1,0,0,437
male,white,1,0,0,1,1,0,1,1,438
female,asian,1,1,1,0,0,0,0,1,439
female,asian,1,1,1,0,0,0,1,1,440
female,asian,1,1,1,0,1,0,0,1,441
female,asian,1,1,1,0,0,1,0,1,442
male,asian,0,1,1,1,0,0,0,1,443
male,asian,0,1,1,1,0,1,0,1,444
male,asian,0,1,1,1,0,0,1,1,445
male,asian,0,1,1,1,1,0,0,1,446
male,white,1,0,0,0,0,0,0,1,447
male,white,1,0,0,0,0,0,1,1,448
male,white,1,0,0,0,0,1,0,1,449
male,white,1,0,0,0,1,0,0,1,450
male,white,1,0,0,0,1,1,0,1,451
female,asian,0,1,0,0,1,0,1,0,452
female,asian,0,1,0,0,1,1,0,0,453
female,white,0,1,0,0,1,0,0,1,454
female,white,0,1,0,0,0,0,1,1,455
female,white,0,1,0,0,0,0,0,1,456
female,white,0,1,0,0,0,1,0,1,457
female,white,0,1,0,0,1,0,1,1,458
female,white,0,1,0,0,0,1,1,1,459
female,white,0,1,0,0,1,1,0,1,460
male,white,1,0,0,0,1,0,1,1,461
female,NA,0,1,1,0,0,0,0,0,462
female,NA,0,1,1,0,1,0,0,0,463
female,NA,0,1,1,0,0,1,0,0,464
female,NA,0,1,1,0,0,0,1,0,465
female,black,1,0,0,0,0,0,0,1,466
female,black,1,0,0,0,0,1,0,1,467
female,black,1,0,0,0,0,1,1,1,468
male,black,0,0,0,1,0,0,0,1,469
male,black,0,0,0,1,0,1,0,1,470
male,black,0,0,0,1,1,0,0,1,471
male,black,0,0,0,1,1,0,1,1,472
NA,asian,0,1,0,0,0,0,0,0,473
NA,asian,0,1,0,0,0,0,1,0,474
NA,asian,0,1,0,0,1,0,0,0,475
female,white,1,1,1,1,0,1,1,0,476
female,white,1,1,1,1,1,0,1,0,477
female,white,1,1,1,1,1,1,1,0,478
male,asian,1,1,1,0,0,0,0,1,479
male,asian,1,1,1,0,0,1,0,1,480
male,asian,1,1,1,0,0,0,1,1,481
male,asian,1,1,1,0,1,0,0,1,482
male,asian,1,1,1,0,0,1,1,1,483
male,asian,1,1,1,0,1,1,0,1,484
female,white,1,1,0,0,1,0,0,0,485
female,white,1,1,0,0,0,0,0,0,486
female,white,1,1,0,0,0,0,1,0,487
male,NA,1,1,1,0,0,0,0,0,488
male,NA,1,1,1,0,0,1,0,0,489
male,NA,1,1,1,0,1,0,0,0,490
male,NA,1,1,1,0,0,0,1,0,491
male,other,0,1,0,0,1,0,0,1,492
male,other,0,1,0,0,0,0,0,1,493
male,other,0,1,0,0,1,0,1,1,494
male,other,0,1,0,0,0,0,1,1,495
female,other,0,1,1,1,0,0,0,1,496
female,other,0,1,1,1,0,1,0,1,497
female,asian,1,1,0,0,0,0,0,0,498
female,asian,1,1,0,0,0,1,0,0,499
female,asian,1,1,0,0,0,0,1,0,500
female,asian,1,1,0,0,1,0,0,0,501
female,white,0,1,1,1,0,0,0,1,502
female,white,0,1,1,1,0,1,0,1,503
female,white,0,1,1,1,1,0,0,1,504
female,white,0,1,1,1,0,0,1,1,505
female,white,0,1,1,1,1,1,0,1,506
female,white,0,1,1,1,1,0,1,1,507
male,white,1,0,0,1,0,0,0,0,508
male,white,1,0,0,1,0,0,1,0,509
male,white,1,0,0,1,0,1,0,0,510
male,white,1,0,0,1,1,0,0,0,511
female,asian,1,1,0,0,0,0,0,1,512
female,asian,1,1,0,0,0,1,0,1,513
female,asian,1,1,0,0,1,0,0,1,514
female,white,1,1,1,1,0,1,1,1,515
male,asian,0,1,0,0,0,1,1,0,516
male,asian,0,1,0,0,1,1,0,0,517
male,asian,0,1,0,0,1,1,1,0,518
male,asian,0,1,0,0,1,0,1,0,519
female,NA,0,1,1,1,0,0,0,0,520
female,NA,0,1,1,1,0,1,0,0,521
female,other,0,1,1,0,0,0,0,1,522
female,other,0,1,1,0,0,1,0,1,523
female,other,0,1,1,0,0,0,1,1,524
female,other,0,1,1,0,1,0,0,1,525
female,white,1,1,0,0,0,1,0,0,526
female,white,1,1,0,0,1,1,0,0,527
female,white,1,1,0,0,0,1,1,0,528
female,white,1,1,0,0,1,0,1,0,529
male,white,1,0,0,1,1,0,1,0,530
NA,white,1,1,1,0,0,0,0,0,531
NA,white,1,1,1,0,0,0,1,0,532
NA,white,1,1,1,0,1,0,0,0,533
NA,white,1,1,1,0,1,0,1,0,534
NA,white,1,1,1,0,0,1,0,0,535
female,other,0,1,0,0,0,0,0,0,536
female,other,0,1,0,0,0,0,1,0,537
female,other,0,1,0,0,0,1,1,0,538
female,other,0,1,0,0,0,1,0,0,539
female,other,0,1,0,0,1,0,0,0,540
female,asian,0,0,0,0,0,0,0,1,541
female,asian,0,0,0,0,0,0,1,1,542
female,asian,0,0,0,0,1,0,0,1,543
female,asian,0,0,0,0,1,1,0,1,544
female,asian,0,0,0,0,0,1,0,1,545
female,asian,0,0,0,0,0,1,1,1,546
male,white,0,1,0,0,0,0,0,1,547
male,white,0,1,0,0,1,0,0,1,548
male,white,0,1,0,0,1,1,0,1,549
male,white,0,1,0,0,1,0,1,1,550
male,white,0,1,0,0,0,1,0,1,551
male,white,0,1,0,0,0,0,1,1,552
male,white,0,1,0,1,0,0,0,1,553
male,white,0,1,0,1,0,1,0,1,554
male,white,0,1,0,1,1,0,0,1,555
NA,white,0,1,1,1,0,0,0,0,556
NA,white,0,1,1,1,1,0,0,0,557
NA,white,0,1,1,1,0,0,1,0,558
NA,white,0,1,1,1,0,1,0,0,559
female,white,1,1,0,0,0,1,0,1,560
female,white,1,1,0,0,1,0,0,1,561
female,white,1,1,0,0,0,0,1,1,562
female,white,1,1,0,0,0,0,0,1,563
NA,white,1,1,0,1,0,0,0,0,564
NA,white,1,1,0,1,1,0,0,0,565
female,white,0,0,0,1,1,1,1,1,566
NA,other,1,1,0,0,0,0,0,1,567
NA,other,1,1,0,0,1,0,0,1,568
NA,other,1,1,0,0,0,1,0,1,569
female,other,0,0,0,0,1,0,0,1,570
female,other,0,0,0,0,0,0,0,1,571
NA,white,1,1,1,1,0,0,0,0,572
NA,white,1,1,1,1,0,0,1,0,573
NA,white,1,1,1,1,0,1,0,0,574
NA,white,1,1,1,1,1,1,0,0,575
female,white,0,1,1,1,0,1,1,1,576
female,other,1,1,1,0,0,0,0,1,577
female,other,1,1,1,0,1,0,0,1,578
female,other,1,1,1,0,1,1,0,1,579
female,other,1,1,1,0,0,0,1,1,580
female,other,1,1,1,0,0,1,0,1,581
male,NA,0,1,1,1,0,0,0,0,582
male,NA,0,1,1,1,1,0,0,0,583
male,NA,0,1,1,1,0,1,0,0,584
female,NA,0,0,0,0,0,0,0,0,585
female,NA,0,0,0,0,0,1,0,0,586
female,NA,0,0,0,0,1,0,0,0,587
female,asian,0,0,0,1,0,0,0,0,588
female,asian,0,0,0,1,1,0,0,0,589
female,asian,0,0,0,1,0,1,0,0,590
female,asian,0,0,0,1,0,0,1,0,591
male,other,0,1,1,1,0,0,0,0,592
male,other,0,1,1,1,1,0,0,0,593
male,other,0,1,1,1,0,1,0,0,594
female,black,1,1,1,1,0,0,0,0,595
female,black,1,1,1,1,0,1,0,0,596
male,asian,1,0,0,1,0,0,0,0,597
male,asian,1,0,0,1,0,1,0,0,598
male,asian,1,0,0,1,1,1,0,0,599
male,asian,1,0,0,1,1,0,1,0,600
male,asian,1,0,0,1,0,0,1,0,601
female,NA,0,1,1,0,1,1,0,0,602
female,black,0,1,0,1,0,0,0,0,603
female,black,0,1,0,1,0,0,1,0,604
female,black,0,1,0,1,1,0,0,0,605
female,asian,0,1,1,1,0,0,0,1,606
female,asian,0,1,1,1,1,0,0,1,607
female,asian,0,1,1,1,0,1,0,1,608
female,other,0,0,0,1,0,0,0,0,609
female,other,0,0,0,1,1,0,0,0,610
NA,white,1,1,1,0,1,1,0,0,611
female,other,1,1,1,0,0,0,0,0,612
female,other,1,1,1,0,1,0,0,0,613
female,other,1,1,1,0,0,1,0,0,614
female,other,1,1,1,0,0,0,1,0,615
female,other,1,1,1,0,1,1,0,0,616
female,other,1,1,1,0,1,0,1,0,617
male,NA,0,0,0,1,0,0,0,1,618
male,NA,0,0,0,1,1,0,0,1,619
male,NA,0,0,0,1,0,1,0,1,620
male,white,1,1,1,0,1,1,1,1,621
female,asian,1,1,1,1,0,0,0,1,622
female,asian,1,1,1,1,1,0,0,1,623
female,asian,1,1,1,1,0,1,0,1,624
female,asian,1,1,1,1,1,0,1,1,625
male,asian,0,0,0,0,0,1,1,0,626
male,NA,0,1,1,0,0,0,0,1,627
male,NA,0,1,1,0,1,0,0,1,628
male,NA,0,1,1,0,0,1,0,1,629
male,asian,0,0,0,0,0,0,0,1,630
male,asian,0,0,0,0,1,0,0,1,631
male,asian,0,0,0,0,0,1,0,1,632
male,asian,0,0,0,0,0,0,1,1,633
male,black,1,1,0,0,0,0,0,0,634
male,black,1,1,0,0,1,0,0,0,635
male,asian,0,1,0,0,0,0,0,1,636
male,asian,0,1,0,0,0,1,0,1,637
male,asian,0,1,0,0,1,1,0,1,638
male,asian,0,1,0,0,1,0,0,1,639
male,asian,0,1,0,1,0,0,0,0,640
male,asian,0,1,0,1,1,0,0,0,641
male,other,0,1,1,0,0,0,0,1,642
male,other,0,1,1,0,1,0,0,1,643
male,other,0,1,1,0,0,0,1,1,644
male,other,0,1,1,0,1,0,1,1,645
male,other,0,1,1,0,0,1,1,1,646
male,other,0,1,1,0,0,1,0,1,647
female,asian,1,0,0,0,0,0,0,0,648
female,asian,1,0,0,0,1,0,0,0,649
female,asian,1,0,0,0,0,0,0,1,650
female,asian,1,0,0,0,1,0,0,1,651
female,asian,1,0,0,0,0,0,1,1,652
female,asian,1,0,0,0,0,1,0,1,653
female,asian,1,0,0,0,1,1,0,1,654
male,NA,1,1,1,1,0,0,1,0,655
male,NA,1,1,1,1,0,1,0,0,656
male,NA,1,1,1,1,1,0,0,0,657
male,NA,1,1,1,1,0,0,0,0,658
male,NA,1,1,1,1,0,1,1,0,659
NA,white,0,0,0,1,0,0,0,0,660
NA,white,0,0,0,1,1,0,0,0,661
NA,white,0,0,0,1,0,0,1,0,662
male,black,0,1,0,0,0,0,0,1,663
male,black,0,1,0,0,0,0,1,1,664
male,black,0,1,0,0,0,1,0,1,665
female,asian,1,1,1,0,0,1,1,1,666
NA,white,1,1,1,1,0,0,0,1,667
NA,white,1,1,1,1,1,0,0,1,668
NA,white,1,1,1,1,0,1,0,1,669
female,black,1,0,0,0,0,0,0,0,670
female,black,1,0,0,0,1,0,0,0,671
female,black,1,0,0,0,0,1,1,0,672
male,black,1,0,0,1,0,0,0,1,673
male,black,1,0,0,1,1,0,0,1,674
female,asian,1,0,0,1,0,0,0,0,675
female,asian,1,0,0,1,0,0,1,0,676
female,asian,1,0,0,1,1,0,0,0,677
male,asian,0,0,0,1,0,0,0,1,678
male,asian,0,0,0,1,1,0,0,1,679
male,asian,0,0,0,1,0,1,0,1,680
male,asian,0,0,0,1,1,1,0,1,681
male,asian,0,0,0,1,0,0,1,1,682
male,asian,0,0,0,1,1,0,1,1,683
NA,white,0,1,1,1,0,0,0,1,684
NA,white,0,1,1,1,0,0,1,1,685
NA,white,0,1,1,1,1,1,0,1,686
NA,white,0,1,1,1,1,0,0,1,687
female,white,1,0,0,1,1,0,1,1,688
female,white,1,0,0,1,1,1,1,1,689
male,asian,1,1,1,1,0,0,0,0,690
male,asian,1,1,1,1,1,0,0,0,691
male,asian,0,0,0,1,0,0,0,0,692
male,asian,0,0,0,1,0,1,0,0,693
male,asian,0,0,0,1,0,0,1,0,694
male,asian,0,0,0,1,1,0,0,0,695
male,other,1,1,1,0,0,0,0,1,696
male,other,1,1,1,0,1,0,0,1,697
male,other,1,1,1,0,0,1,0,1,698
male,other,1,1,1,0,0,0,1,1,699
male,black,0,1,1,1,0,0,0,0,700
male,black,0,1,1,1,1,0,0,0,701
male,black,0,1,1,1,0,1,0,0,702
male,black,0,1,1,1,1,0,1,0,703
male,black,0,1,1,1,0,0,1,0,704
male,black,0,1,1,1,0,1,1,0,705
NA,white,1,1,0,0,0,0,0,0,706
NA,white,1,1,0,0,0,0,1,0,707
NA,white,1,1,0,0,0,1,0,0,708
NA,white,1,1,0,0,1,0,0,0,709
female,black,0,1,0,0,0,0,0,0,710
female,black,0,1,0,0,1,0,0,0,711
female,black,0,1,0,0,0,0,1,0,712
female,black,0,1,0,0,0,1,1,0,713
female,black,0,1,0,0,0,1,0,0,714
female,asian,0,0,0,1,0,0,0,1,715
female,asian,0,0,0,1,1,0,0,1,716
female,asian,0,0,0,1,0,0,1,1,717
female,black,0,1,0,0,1,1,0,0,718
female,asian,0,1,1,1,0,0,0,0,719
female,asian,0,1,1,1,1,0,0,0,720
female,asian,0,1,1,1,0,0,1,0,721
female,asian,0,1,1,1,0,1,0,0,722
female,asian,0,1,1,1,1,0,1,0,723
male,NA,0,1,1,0,0,0,1,1,724
NA,asian,1,1,1,0,0,0,0,0,725
NA,asian,1,1,1,0,1,0,0,0,726
NA,asian,1,1,1,0,0,0,1,0,727
NA,white,0,1,0,0,0,1,0,1,728
NA,white,0,1,0,0,0,0,0,1,729
NA,white,0,1,0,0,0,0,1,1,730
male,NA,1,1,0,0,0,1,0,1,731
male,NA,1,1,0,0,0,0,0,1,732
NA,white,0,0,0,1,0,1,0,0,733
NA,white,0,0,0,1,1,1,0,0,734
male,asian,0,1,1,1,1,1,0,0,735
NA,NA,0,1,0,0,0,0,0,0,736
NA,NA,0,1,0,0,1,0,0,0,737
NA,NA,0,1,0,0,1,1,0,0,738
female,white,0,1,0,1,0,0,0,1,739
female,white,0,1,0,1,1,1,0,1,740
female,white,0,1,0,1,1,0,0,1,741
female,white,0,1,0,1,0,1,0,1,742
female,white,0,1,0,1,0,0,1,1,743
male,other,1,0,0,0,0,0,1,1,744
male,other,1,0,0,0,1,0,0,1,745
male,black,1,0,0,0,0,0,0,1,746
male,black,1,0,0,0,0,1,0,1,747
female,black,0,1,0,1,1,1,0,0,748
NA,white,0,1,0,1,0,0,0,0,749
NA,white,0,1,0,1,0,1,0,0,750
NA,white,0,1,0,1,1,0,1,0,751
NA,white,0,1,0,1,1,0,0,0,752
NA,white,0,1,0,1,0,0,1,0,753
NA,white,0,0,0,0,0,0,0,0,754
NA,white,0,0,0,0,1,0,0,0,755
NA,white,0,0,0,0,0,1,0,0,756
NA,white,0,0,0,0,0,0,1,0,757
NA,white,0,0,0,0,1,1,0,0,758
female,other,0,0,0,0,0,1,0,0,759
female,other,0,0,0,0,0,0,0,0,760
female,other,0,0,0,0,0,0,1,0,761
male,other,1,0,0,0,0,0,0,0,762
male,other,1,0,0,0,1,0,0,0,763
male,black,0,0,0,0,0,0,1,0,764
male,black,0,0,0,0,1,0,1,0,765
female,black,0,0,0,0,0,0,0,0,766
female,black,0,0,0,0,1,0,0,0,767
female,black,0,0,0,0,0,0,1,0,768
female,black,0,0,0,0,0,1,0,0,769
female,black,0,0,0,0,1,1,1,0,770
female,other,0,1,0,1,0,0,0,0,771
female,other,0,1,0,1,0,1,0,0,772
female,other,0,1,0,1,1,0,0,0,773
NA,black,1,1,1,0,0,0,0,0,774
NA,black,1,1,1,0,1,0,0,0,775
NA,black,1,1,1,0,0,1,0,0,776
female,black,1,0,0,1,0,0,0,1,777
female,black,1,0,0,1,1,0,0,1,778
male,other,1,1,1,1,0,0,0,1,779
male,other,1,1,1,1,0,0,1,1,780
male,other,1,1,1,1,0,1,0,1,781
female,white,0,1,1,0,1,1,1,1,782
male,asian,1,0,0,0,0,0,0,1,783
male,asian,1,0,0,0,0,1,0,1,784
male,asian,1,0,0,0,0,1,1,1,785
male,asian,1,0,0,0,1,0,0,1,786
male,asian,1,0,0,0,0,0,1,1,787
male,asian,1,0,0,0,1,0,1,1,788
female,asian,1,0,0,1,0,0,0,1,789
female,asian,1,0,0,1,1,0,0,1,790
female,black,0,0,0,1,0,0,0,1,791
female,black,0,0,0,1,1,0,1,1,792
female,black,0,0,0,1,1,0,0,1,793
NA,black,0,1,0,0,0,0,0,0,794
male,black,0,1,1,1,0,0,0,1,795
male,black,0,1,1,1,1,0,0,1,796
NA,white,0,0,0,1,0,1,0,1,797
NA,white,0,0,0,1,0,0,0,1,798
NA,white,0,0,0,1,0,0,1,1,799
NA,white,0,0,0,1,1,0,0,1,800
female,black,0,1,1,1,1,0,0,1,801
female,black,0,1,1,1,0,0,0,1,802
female,black,0,1,1,1,0,0,1,1,803
female,other,1,0,0,0,0,0,0,1,804
male,white,1,1,0,0,0,0,0,0,805
male,white,1,1,0,0,1,0,0,0,806
male,white,1,1,0,0,0,0,1,0,807
male,white,1,1,0,0,1,1,0,0,808
male,white,1,1,0,0,1,0,1,0,809
male,white,1,1,0,0,0,1,0,0,810
female,NA,1,1,1,1,0,0,0,0,811
female,NA,1,1,1,1,1,0,0,0,812
female,NA,1,1,1,1,0,1,0,0,813
female,NA,1,1,1,1,1,0,1,0,814
female,black,1,1,0,0,0,0,0,0,815
female,black,1,1,0,0,1,0,0,0,816
female,black,1,1,0,0,0,1,1,0,817
female,asian,1,1,0,1,0,0,0,0,818
female,asian,1,1,0,1,1,0,0,0,819
female,asian,1,1,0,1,0,0,1,0,820
female,black,0,1,1,1,0,0,0,0,821
female,black,0,1,1,1,0,1,0,0,822
female,black,0,1,1,1,1,0,0,0,823
male,other,0,1,0,1,1,0,0,0,824
male,other,0,1,0,1,0,0,0,0,825
male,other,0,1,0,1,0,0,1,0,826
male,other,0,0,0,0,1,0,0,1,827
male,other,0,0,0,0,0,0,0,1,828
male,other,0,0,0,0,0,1,0,1,829
NA,black,0,1,1,0,0,0,1,0,830
male,black,0,1,0,1,1,0,0,0,831
male,black,0,1,0,1,0,1,0,0,832
male,black,0,1,0,1,0,0,0,0,833
male,black,0,1,0,1,1,1,0,0,834
female,NA,0,1,0,0,0,0,0,0,835
female,NA,0,1,0,0,1,0,0,0,836
female,NA,0,1,0,0,0,0,1,0,837
female,NA,0,1,0,0,0,1,0,0,838
male,black,1,1,1,1,0,0,0,0,839
male,black,1,1,1,1,1,0,0,0,840
male,black,1,1,1,1,0,1,0,0,841
female,black,0,0,0,1,0,1,0,1,842
female,black,0,0,0,1,0,0,1,1,843
female,black,0,0,0,1,0,0,0,0,844
female,black,0,0,0,1,0,1,0,0,845
female,black,1,0,0,1,0,0,0,0,846
female,black,1,0,0,1,0,0,1,0,847
female,black,1,0,0,1,1,0,0,0,848
male,NA,0,1,0,0,0,0,0,0,849
male,NA,0,1,0,0,1,0,0,0,850
male,NA,0,1,0,0,0,0,1,0,851
male,NA,0,1,0,0,0,1,0,0,852
male,other,1,1,1,1,0,0,0,0,853
male,other,1,1,1,1,1,0,0,0,854
female,white,1,1,0,1,0,0,0,0,855
female,white,1,1,0,1,1,0,0,0,856
female,white,1,1,0,1,0,1,0,0,857
female,white,1,1,0,1,0,0,1,0,858
female,asian,0,1,0,0,0,0,0,1,859
female,asian,0,1,0,0,0,1,0,1,860
female,asian,0,1,0,0,1,0,0,1,861
female,asian,0,1,0,0,0,0,1,1,862
NA,white,1,0,0,0,0,0,0,0,863
NA,white,1,0,0,0,1,0,0,0,864
female,other,0,1,0,0,0,0,0,1,865
male,other,0,0,0,1,0,0,0,1,866
male,other,0,0,0,1,0,0,1,1,867
female,asian,1,1,0,0,1,1,0,0,868
female,asian,1,1,1,1,0,0,0,0,869
female,asian,1,1,1,1,0,0,1,0,870
female,asian,1,1,1,1,1,0,0,0,871
female,asian,1,1,1,1,0,1,0,0,872
female,asian,1,1,1,1,1,1,0,0,873
female,black,1,0,0,0,1,0,0,1,874
NA,white,0,0,0,0,0,0,0,1,875
NA,white,0,0,0,0,1,0,0,1,876
NA,white,0,0,0,0,0,0,1,1,877
female,other,1,0,0,1,1,0,0,1,878
female,other,1,0,0,1,0,0,0,1,879
NA,white,1,0,0,1,0,0,0,0,880
NA,white,1,0,0,1,0,1,0,0,881
NA,white,1,0,0,1,0,0,1,0,882
NA,white,1,0,0,1,1,0,0,0,883
female,other,1,1,1,1,1,0,0,0,884
female,other,1,1,1,1,0,0,0,0,885
female,other,1,1,1,1,0,1,0,0,886
NA,asian,1,0,0,0,0,0,0,0,887
NA,asian,1,0,0,0,0,1,0,0,888
female,NA,0,1,1,1,0,0,0,1,889
female,black,0,1,1,0,0,0,0,1,890
female,black,0,1,1,0,1,0,0,1,891
female,black,0,1,1,0,0,0,1,1,892
female,black,0,1,1,0,0,1,0,1,893
female,other,1,1,1,1,0,0,1,1,894
female,other,1,1,1,1,0,1,0,1,895
male,black,0,0,0,1,0,1,0,0,896
male,black,0,0,0,1,0,0,0,0,897
male,black,0,0,0,1,0,0,1,0,898
male,black,0,0,0,1,1,0,0,0,899
NA,asian,1,1,0,0,0,0,0,0,900
male,black,0,1,1,1,0,1,0,1,901
male,black,0,1,1,1,0,0,1,1,902
female,asian,1,0,0,0,0,1,0,0,903
female,asian,1,0,0,0,0,0,1,0,904
NA,white,1,0,0,1,0,0,0,1,905
NA,white,1,0,0,1,0,0,1,1,906
NA,white,1,1,1,1,1,0,0,0,907
NA,white,1,1,0,1,0,1,0,0,908
NA,white,1,1,0,1,0,0,1,0,909
male,white,0,1,0,1,0,0,1,1,910
male,white,0,1,0,1,1,1,0,1,911
male,black,1,0,0,1,0,0,1,1,912
male,black,1,0,0,1,0,1,0,1,913
NA,other,0,1,0,0,0,0,0,0,914
NA,other,0,1,0,0,1,0,0,0,915
female,other,0,1,1,1,0,0,1,0,916
female,other,0,1,1,1,0,0,0,0,917
female,other,0,1,1,1,1,0,0,0,918
NA,black,1,1,1,1,0,0,0,0,919
female,other,1,0,0,1,0,1,0,1,920
NA,NA,1,1,1,0,0,0,0,1,921
NA,NA,1,1,1,0,0,0,1,1,922
NA,NA,1,1,1,0,1,0,0,1,923
NA,other,0,1,1,1,0,0,0,0,924
NA,other,0,1,1,1,1,0,0,0,925
NA,white,0,1,1,0,0,0,0,1,926
NA,white,0,1,1,0,1,0,0,1,927
NA,white,0,1,1,0,0,1,0,1,928
NA,white,0,1,1,0,1,1,0,1,929
female,other,1,0,0,0,0,0,0,0,930
female,other,1,0,0,0,0,1,0,0,931
female,other,1,0,0,0,1,0,0,0,932
male,other,0,0,0,1,1,0,0,1,933
female,black,1,1,0,0,0,0,1,0,934
female,black,1,1,0,0,1,0,1,0,935
female,black,1,1,1,1,0,0,1,0,936
female,black,1,1,1,1,1,0,0,0,937
NA,black,1,0,0,0,1,0,0,0,938
NA,black,1,0,0,0,0,0,1,0,939
NA,black,1,0,0,0,0,0,0,0,940
male,black,0,0,0,0,0,0,0,1,941
male,black,0,0,0,0,0,1,0,1,942
male,black,0,0,0,0,1,0,0,1,943
male,black,0,0,0,0,0,0,1,1,944
male,asian,1,0,0,1,0,0,0,1,945
male,asian,1,0,0,1,1,0,0,1,946
male,black,1,0,0,0,1,0,0,0,947
male,black,1,0,0,0,0,0,0,0,948
male,black,1,0,0,0,0,1,0,0,949
female,other,1,1,0,1,0,0,0,1,950
female,other,1,1,0,1,1,0,0,1,951
NA,white,1,1,1,1,0,0,1,1,952
NA,white,1,1,1,1,1,1,0,1,953
female,other,1,1,1,1,0,0,0,1,954
female,other,1,1,1,1,1,0,0,1,955
male,asian,1,1,0,0,0,0,0,0,956
male,asian,1,1,0,0,0,0,1,0,957
male,asian,1,1,0,0,1,0,0,0,958
male,asian,1,1,0,0,0,1,0,0,959
NA,white,0,1,1,1,1,1,0,0,960
female,other,1,0,0,0,0,0,1,0,961
female,black,0,1,1,1,0,0,1,0,962
female,black,0,1,0,0,0,0,0,1,963
female,black,0,1,0,0,1,0,0,1,964
female,black,0,1,0,0,0,1,0,1,965
male,NA,0,1,0,0,1,1,0,0,966
NA,other,0,1,1,0,0,0,0,0,967
female,asian,1,0,0,1,0,1,0,1,968
female,asian,1,0,0,1,1,1,0,1,969
NA,asian,0,1,1,0,0,0,0,0,970
NA,asian,0,1,1,0,1,0,0,0,971
NA,white,0,1,0,1,0,0,0,1,972
female,white,1,1,0,1,0,1,1,1,973
female,white,1,1,0,1,0,0,0,1,974
female,white,1,1,0,1,1,0,0,1,975
female,other,0,0,0,1,0,1,0,0,976
female,other,0,0,0,1,0,0,1,0,977
NA,white,1,0,0,0,0,1,0,0,978
NA,white,1,0,0,0,0,0,1,0,979
female,NA,0,1,1,1,1,0,0,0,980
female,other,0,1,0,0,1,0,0,1,981
female,other,0,1,0,0,0,0,1,1,982
female,other,0,1,0,0,0,1,0,1,983
NA,asian,1,0,0,0,0,0,1,0,984
NA,asian,1,0,0,0,1,0,0,0,985
NA,asian,1,0,0,0,1,0,1,0,986
NA,white,1,1,0,0,0,0,0,1,987
NA,white,1,1,0,0,1,0,0,1,988
NA,asian,0,1,0,1,0,0,0,0,989
male,other,1,1,0,0,0,0,0,1,990
NA,white,0,0,0,0,0,1,0,1,991
male,NA,0,0,0,0,0,0,0,0,992
male,NA,0,0,0,0,1,0,0,0,993
male,NA,0,0,0,0,0,1,0,0,994
male,NA,0,0,0,0,1,1,0,0,995
male,NA,0,0,0,0,1,0,1,0,996
female,NA,1,0,0,1,1,0,0,1,997
female,NA,1,0,0,1,0,0,0,1,998
female,NA,1,0,0,1,1,0,1,1,999
female,other,0,0,0,1,0,0,0,1,1000
NA,black,0,1,1,0,1,0,0,0,1001
NA,black,0,1,1,0,0,0,0,0,1002
NA,white,1,0,0,0,1,0,0,1,1003
NA,white,1,0,0,0,0,0,0,1,1004
NA,white,1,0,0,0,0,0,1,1,1005
NA,asian,1,1,1,0,0,1,0,0,1006
NA,asian,1,0,0,1,0,1,0,0,1007
male,NA,0,0,0,0,0,1,0,1,1008
male,NA,0,0,0,0,0,0,0,1,1009
male,NA,0,0,0,0,1,0,0,1,1010
male,NA,0,0,0,0,0,0,1,1,1011
male,other,1,0,0,0,0,0,1,0,1012
NA,white,1,0,0,1,0,1,0,1,1013
female,asian,0,1,0,1,0,0,0,1,1014
female,asian,0,1,0,1,0,0,1,1,1015
female,asian,0,0,0,1,0,1,0,1,1016
male,black,0,1,0,1,0,0,1,0,1017
NA,asian,1,1,0,0,0,0,0,1,1018
NA,other,1,1,1,0,0,0,1,0,1019
male,white,1,1,0,0,0,0,1,1,1020
male,white,1,1,0,0,0,0,0,1,1021
male,white,1,1,0,0,0,1,0,1,1022
NA,other,1,1,1,0,0,0,0,1,1023
NA,other,1,1,1,0,0,1,0,1,1024
NA,other,1,1,1,0,1,0,0,1,1025
NA,other,1,1,1,0,0,0,1,1,1026
female,other,1,0,0,1,0,0,0,0,1027
female,other,1,0,0,1,0,1,0,0,1028
female,other,1,0,0,1,1,0,0,0,1029
male,asian,1,0,0,1,1,0,0,0,1030
male,NA,1,0,0,0,0,0,0,0,1031
NA,NA,1,1,1,0,1,0,1,1,1032
NA,other,0,1,0,0,0,1,0,0,1033
female,NA,0,1,1,0,0,0,0,1,1034
female,black,1,1,1,1,0,0,0,1,1035
female,black,1,1,1,1,1,0,0,1,1036
female,NA,1,0,0,0,0,0,0,0,1037
male,asian,1,0,0,1,0,1,0,1,1038
male,other,1,1,1,1,0,1,0,0,1039
male,other,1,1,1,1,1,0,1,0,1040
male,NA,1,0,0,1,0,0,0,1,1041
male,asian,1,1,1,1,0,0,0,1,1042
male,asian,1,1,1,1,0,0,1,1,1043
female,asian,1,1,1,1,0,0,1,1,1044
NA,other,0,1,1,1,0,0,1,0,1045
male,black,1,0,0,0,0,0,1,1,1046
NA,asian,1,1,1,0,0,0,0,1,1047
female,black,1,0,0,1,0,0,1,1,1048
female,black,1,0,0,1,0,1,0,1,1049
male,other,0,1,1,1,0,0,0,1,1050
male,other,0,1,1,1,1,1,1,1,1051
male,other,0,1,1,1,0,0,1,1,1052
male,other,0,1,1,1,0,1,0,1,1053
male,other,0,1,1,1,1,0,0,1,1054
NA,asian,0,1,0,0,0,1,0,0,1055
female,other,0,1,0,1,0,0,0,1,1056
female,other,0,1,0,1,1,0,0,1,1057
male,black,1,0,0,0,0,0,1,0,1058
male,black,1,1,1,1,0,0,1,0,1059
NA,other,1,1,1,0,1,0,1,1,1060
male,NA,1,0,0,0,1,0,0,0,1061
male,white,1,1,0,1,0,0,0,1,1062
male,white,1,1,0,1,0,0,1,1,1063
male,white,1,1,0,1,1,0,0,1,1064
female,NA,1,0,0,0,1,0,0,0,1065
NA,other,1,0,0,0,0,0,0,0,1066
female,NA,0,1,0,1,0,0,0,0,1067
female,NA,0,1,0,1,1,0,0,0,1068
female,NA,0,1,0,1,0,0,1,0,1069
female,NA,0,1,0,1,0,1,0,0,1070
female,NA,0,1,0,1,1,0,1,0,1071
NA,black,1,1,1,0,0,1,0,1,1072
NA,black,1,1,1,0,0,0,0,1,1073
female,other,1,0,0,0,1,0,0,1,1074
female,other,0,0,0,0,1,0,0,0,1075
female,other,0,0,0,0,1,1,0,0,1076
male,other,1,0,0,1,0,0,0,0,1077
male,other,1,0,0,1,0,1,0,0,1078
male,other,1,0,0,1,1,0,0,0,1079
male,NA,1,1,1,1,0,0,0,1,1080
NA,asian,0,1,0,0,0,1,0,1,1081
NA,asian,0,1,0,0,0,0,0,1,1082
NA,asian,0,1,0,0,0,0,1,1,1083
NA,asian,1,1,1,1,0,0,0,0,1084
male,asian,1,1,1,1,0,1,0,1,1085
male,asian,1,1,1,1,1,0,0,1,1086
NA,white,0,1,0,1,0,1,0,1,1087
NA,white,0,1,0,1,1,1,0,1,1088
NA,NA,0,1,1,1,0,0,0,0,1089
NA,NA,0,1,1,1,1,0,0,0,1090
NA,black,0,1,0,0,0,1,0,0,1091
NA,asian,0,1,1,1,0,0,0,0,1092
NA,asian,0,1,1,1,0,1,0,0,1093
NA,asian,0,1,1,1,1,0,0,0,1094
NA,asian,0,1,1,1,0,0,1,0,1095
female,NA,1,1,0,0,0,0,1,0,1096
female,NA,1,1,0,0,0,0,0,0,1097
female,NA,1,1,0,0,1,0,0,0,1098
male,other,1,1,0,0,0,0,0,0,1099
female,black,1,1,0,0,0,0,0,1,1100
female,black,1,1,0,0,1,0,0,1,1101
female,black,1,1,0,0,0,1,0,1,1102
male,NA,0,1,1,1,0,0,0,1,1103
male,NA,0,1,1,1,0,0,1,1,1104
NA,NA,1,0,0,0,0,0,0,1,1105
NA,NA,1,0,0,0,1,0,0,1,1106
NA,NA,1,0,0,0,0,0,1,1,1107
NA,NA,1,0,0,0,0,1,0,1,1108
male,black,0,1,0,0,1,0,1,1,1109
NA,asian,1,1,1,0,0,0,1,1,1110
NA,asian,1,1,1,0,0,1,1,1,1111
NA,asian,1,0,0,0,0,0,0,1,1112
NA,asian,1,0,0,0,1,0,0,1,1113
NA,asian,1,1,0,0,1,0,0,0,1114
NA,asian,1,1,0,0,0,0,1,0,1115
NA,asian,1,1,0,0,1,1,0,0,1116
male,NA,0,1,1,1,0,0,1,0,1117
female,NA,1,1,0,0,0,0,0,1,1118
female,NA,1,1,0,0,1,0,0,1,1119
female,NA,1,1,0,0,0,0,1,1,1120
female,black,0,1,0,1,0,0,0,1,1121
female,black,0,1,0,1,1,1,0,1,1122
female,black,0,1,0,1,1,0,0,1,1123
female,black,0,1,0,1,0,1,0,1,1124
male,asian,0,1,0,1,0,0,0,1,1125
male,asian,0,1,0,1,1,0,1,1,1126
male,asian,0,1,0,1,0,0,1,1,1127
male,black,1,0,0,1,0,0,0,0,1128
male,other,0,0,0,1,0,1,0,0,1129
male,other,0,0,0,1,1,0,0,0,1130
male,black,1,1,1,1,0,0,0,1,1131
male,black,1,1,1,1,1,0,0,1,1132
NA,other,0,1,0,0,0,0,0,1,1133
male,NA,1,0,0,0,0,1,0,1,1134
male,NA,1,0,0,0,0,0,0,1,1135
male,NA,1,0,0,0,1,0,0,1,1136
NA,asian,1,1,0,1,0,0,0,0,1137
NA,other,0,1,1,0,0,1,0,0,1138
NA,other,0,1,1,0,1,0,0,0,1139
NA,other,0,1,1,0,0,0,1,0,1140
NA,black,1,0,0,1,0,0,0,0,1141
NA,black,1,0,0,1,0,1,0,0,1142
female,other,0,0,0,0,0,1,0,1,1143
male,black,1,1,0,0,0,0,0,1,1144
male,black,1,1,0,0,0,0,1,1,1145
male,black,1,1,0,0,0,1,0,1,1146
NA,asian,0,1,0,1,1,0,0,0,1147
NA,asian,0,1,0,1,0,1,0,0,1148
NA,asian,0,1,0,1,1,1,0,0,1149
NA,asian,0,0,0,1,1,0,0,1,1150
NA,asian,0,0,0,1,0,0,0,1,1151
female,NA,0,1,1,0,1,0,0,1,1152
female,NA,0,1,1,0,0,1,1,1,1153
female,asian,1,0,0,1,0,1,0,0,1154
female,black,1,1,0,1,0,0,0,0,1155
female,black,1,1,0,1,0,0,1,0,1156
NA,asian,0,0,0,0,0,0,0,0,1157
male,other,1,0,0,1,0,0,0,1,1158
male,other,1,0,0,1,1,0,0,1,1159
male,other,1,0,0,1,1,0,1,1,1160
male,other,1,0,0,1,0,0,1,1,1161
female,NA,0,0,0,1,0,0,0,1,1162
female,NA,0,0,0,1,1,0,0,1,1163
female,other,0,0,0,1,1,0,0,1,1164
NA,NA,1,1,1,0,0,0,0,0,1165
NA,NA,1,1,1,0,0,1,0,0,1166
NA,NA,1,1,1,0,1,0,0,0,1167
male,NA,0,0,0,1,0,0,0,0,1168
NA,asian,1,0,0,1,0,0,0,0,1169
NA,black,1,0,0,0,0,0,0,1,1170
NA,black,1,0,0,0,1,0,0,1,1171
NA,black,0,0,0,0,0,0,0,0,1172
NA,asian,0,0,0,0,0,0,0,1,1173
NA,asian,0,0,0,0,0,1,0,1,1174
NA,asian,0,0,0,0,1,0,0,1,1175
male,NA,1,1,0,0,0,0,0,0,1176
male,NA,1,1,0,0,1,0,0,0,1177
female,other,0,1,1,1,1,0,0,1,1178
female,other,0,1,1,1,0,1,1,1,1179
female,NA,1,0,0,0,0,0,0,1,1180
male,NA,0,1,0,0,0,0,0,1,1181
male,asian,1,1,0,0,0,0,0,1,1182
male,other,1,0,0,1,0,0,1,0,1183
NA,black,0,1,1,1,0,0,0,0,1184
male,black,1,0,0,1,0,0,1,0,1185
male,black,1,0,0,1,0,1,0,0,1186
female,other,1,1,0,0,0,1,0,1,1187
female,other,1,1,0,0,0,0,0,1,1188
female,other,1,1,0,0,1,0,0,1,1189
NA,other,1,0,0,1,0,0,0,0,1190
NA,other,1,0,0,1,1,0,0,0,1191
NA,other,1,0,0,1,0,0,1,0,1192
female,NA,0,1,0,0,0,0,0,1,1193
female,NA,0,1,0,0,0,1,0,1,1194
female,NA,0,1,0,0,1,0,0,1,1195
female,NA,0,0,0,1,0,0,0,0,1196
female,NA,0,0,0,1,1,0,0,0,1197
NA,other,1,1,1,1,0,0,0,0,1198
male,other,0,1,0,1,0,0,0,1,1199
male,asian,1,1,0,1,0,0,0,1,1200
female,NA,1,1,0,0,0,1,0,0,1201
NA,asian,1,0,0,1,0,0,0,1,1202
NA,asian,1,0,0,1,1,0,0,1,1203
NA,asian,1,0,0,1,0,0,1,1,1204
NA,black,1,1,0,0,1,0,0,0,1205
NA,black,1,1,0,0,0,0,0,0,1206
male,black,0,1,0,1,0,1,0,1,1207
male,black,0,1,0,1,0,0,0,1,1208
male,black,0,1,0,1,1,0,0,1,1209
female,asian,0,1,0,1,1,0,0,1,1210
male,asian,0,1,0,0,0,0,1,1,1211
female,NA,0,0,0,0,0,0,0,1,1212
female,NA,0,0,0,0,0,1,0,1,1213
female,NA,0,0,0,0,1,0,0,1,1214
female,NA,0,1,0,1,0,0,0,1,1215
NA,NA,1,1,1,0,0,0,1,0,1216
NA,NA,1,1,0,0,0,1,0,0,1217
NA,NA,1,1,0,0,0,0,0,0,1218
NA,NA,1,1,0,0,1,0,0,0,1219
NA,NA,1,1,0,0,0,0,1,0,1220
male,NA,0,0,0,1,1,0,0,0,1221
male,NA,0,0,0,1,0,0,1,0,1222
male,NA,0,1,0,1,0,0,1,0,1223
male,NA,0,1,0,1,0,1,0,0,1224
male,NA,0,1,0,1,0,0,0,0,1225
male,NA,0,1,0,1,1,0,1,0,1226
male,NA,0,1,0,1,1,0,0,0,1227
male,white,1,1,0,1,0,0,0,0,1228
male,white,1,1,0,1,1,0,0,0,1229
male,white,1,1,0,1,0,1,0,0,1230
male,NA,0,1,0,1,0,0,0,1,1231
NA,other,0,1,1,0,0,0,1,1,1232
NA,other,0,1,1,0,0,0,0,1,1233
NA,other,0,1,1,0,1,0,0,1,1234
female,asian,1,1,0,1,0,0,0,1,1235
female,asian,1,1,0,1,0,1,0,1,1236
NA,other,1,1,0,0,1,0,1,1,1237
NA,other,1,1,0,0,0,0,1,1,1238
female,other,1,1,0,1,0,1,0,0,1239
female,other,1,1,0,1,0,0,0,0,1240
female,other,1,1,0,1,0,0,1,0,1241
NA,other,1,1,0,0,0,0,0,0,1242
NA,other,1,1,0,0,1,0,0,0,1243
NA,other,1,1,0,0,0,1,0,0,1244
NA,NA,0,1,0,0,0,0,1,0,1245
NA,NA,1,1,1,1,0,0,0,0,1246
NA,NA,1,1,1,1,1,0,0,0,1247
NA,NA,1,1,1,1,0,0,1,0,1248
NA,asian,0,0,0,1,0,0,0,0,1249
NA,asian,0,0,0,1,0,0,1,0,1250
male,other,1,1,0,1,0,0,0,0,1251
female,NA,1,1,1,1,1,0,0,1,1252
female,NA,1,1,1,1,0,0,0,1,1253
NA,black,1,0,0,1,0,0,0,1,1254
male,black,0,1,0,1,0,0,1,1,1255
NA,white,1,1,0,1,0,0,0,1,1256
NA,white,1,1,0,1,0,1,0,1,1257
NA,white,1,1,0,1,1,0,0,1,1258
male,NA,1,1,0,0,0,0,1,0,1259
male,NA,1,1,0,0,1,1,0,0,1260
NA,black,1,1,1,1,0,0,0,1,1261
NA,black,1,1,1,1,1,0,0,1,1262
NA,black,1,1,1,1,0,1,1,0,1263
NA,black,1,1,1,1,1,0,0,0,1264
male,asian,1,1,0,0,0,0,1,1,1265
male,asian,1,1,0,0,1,0,0,1,1266
NA,asian,1,1,1,1,0,0,0,1,1267
NA,asian,1,1,1,1,1,0,0,1,1268
NA,other,1,0,0,1,0,1,0,1,1269
NA,other,1,0,0,1,0,0,0,1,1270
male,NA,1,0,0,1,0,0,0,0,1271
male,NA,1,0,0,1,1,0,0,0,1272
